지점 이름,주소,전화번호
San Jose,4823 Fairway Drive,707-514-0033
GREAT BARTON,106 Lammas Street,070 3460 5076
Hamilton,3791  Bridgeport Rd,905-389-4463
JERRAWA,40 Marlin Avenue,(02) 6175 8642
Rudersberg,Pasewalker Straße 5,07183 30 07 96
København K,Toftvej 35,21-90-47700
Guadalajara,Av. Revolucion 737,33 36175334
Poughkeepsie,4927 Old Dear Lane,845-857-0825
Elgin,2491 Pineview Drive,507-876-0713
Oak Brook,2591 Vesta Drive,773-757-1932
Annapolis Junction,889 Bluff Street,301-787-8206
Los Angeles,1014 Jett Lane,310-718-6212
Arlington,3158 Single Street,781-646-1715
Syracuse,3741 Plainfield Avenue,315-576-8242
San Mateo,2425 Thunder Road,650-577-7537
Valdosta,1022 Junkins Avenue,229-460-4970
Hialeah,101 Poplar Lane,305-540-4990
Lexington,793 Straford Park,606-614-9190
Johnsonburg,2566 Custer Street,814-965-6502
Hokkaido,"244-1192, Kita 6-jonishi, Abashiri-shi, Hokkaido",8134-191-6900
Port Chester,1503 Ward Road,914-933-3946
Salt Lake City,4745 Kemper Lane,801-927-7191
Villaluenga del Rosario,C/ Rosa de los Vientos 36,736 301 706
London,733 King Street EAST CENTRAL LONDON EC86 0YR,916-863-6154
GLOUCESTER,8857 New Road GLOUCESTER GL79 3CZ,252-218-2526
NEWPORT,760 George Street NEWPORT NP73 0CH,803-535-5627
TAUNTON,749 The Green TAUNTON TA27 9JQ,580-730-2253
SOUTHEND-ON-SEA,271 Springfield Road SOUTHEND-ON-SEA SS98 1PA,240-597-0099
SHEFFIELD,500 Highfield Road SHEFFIELD S98 6VM,210-727-9560
HULL,8772 Albert Road HULL HU2 6SN,919-887-6912
SHREWSBURY,38 Church Street SHREWSBURY SY79 9TY,614-449-8617
DURHAM,12 New Road DURHAM DH78 4XK,830-229-4983
Honolulu,4153 Don Jackson Lane,303-284-0638
Wayne,2438 Bombardier Way,734-981-4470
Milton,3258 Courtright Street,701-496-3125
NEWCASTLE,9982 The Grove NEWCASTLE UPON TYNE NE21 0RM,605-677-5038
BRISTOL,8253 Richmond Road BRISTOL BS70 9LU,209-848-9572
BOURNEMOUTH,22 Broadway BOURNEMOUTH BH73 8ON,760-464-6831
LEICESTER,748 Green Lane LEICESTER LE77 6VE,508-272-0114
SUNDERLAND,48 New Road SUNDERLAND SR39 2NY,845-915-5076
BOLTON,19 North Street BOLTON BL77 4TC,973-640-3581
SOUTHAMPTON,60 King Street SOUTHAMPTON SO75 5PZ,541-579-1559
BLACKPOOL,8579 Highfield Road BLACKPOOL FY68 1LM,336-212-0408
DARLINGTON,9175 High Street DARLINGTON DL86 7BQ,845-340-3808
LIVERPOOL,100 Main Road LIVERPOOL L80 4XI,561-526-2625
MANCHESTER,52 Park Lane MANCHESTER M8 0KJ,801-608-1332
SHEFFIELD,79 Kings Road SHEFFIELD S88 2KY,510-214-0266
BOLTON,95 Mill Road BOLTON BL48 9OR,785-253-0084
SWANSEA,466 South Street SWANSEA SA34 7PT,585-749-2163
LEEDS,308 Mill Lane LEEDS LS35 5JS,312-362-2484
SWANSEA,222 York Road SWANSEA SA87 4WS,570-603-5788
CARDIFF,125 West Street CARDIFF CF95 6CN,802-738-8477
LEICESTER,64 New Road LEICESTER LE37 3VW,507-771-8684
SOUTHAMPTON,90 Main Street SOUTHAMPTON SO41 5RP,720-634-0176
IPSWICH,8339 Stanley Road IPSWICH IP79 6SN,313-930-0331
Tokyo,"481-1228, Ebisu Ebisugadempureisu(28-kai), Shibuya-ku",8188-165-7118
Seoul,"310-5, Samseongraemiangongdeok 3 chaapateu, Gongdeok-dong, Mapo-gu",02-455-1973
